0.880395021663239,0.42184188410197,0.176827220483727,0.0911675868831283,0.0734295824492893,0.0304084838265327,0.0233510420238596,0.0137018847075238,0.0118358114735599,0.00773423607239579,0.00761086361547177,0.00639829526165593,0.0039365696006304,0.00202330295119191,0.00188401385931778,0.00177072272900071,0.880393535810227,0.421844658557396,0.176828196117171,0.0911678275475984,0.0734290420717155,0.0304086870982665,0.0233504604613447,0.0137017101645154,0.0118355838800998,0.00773391718865769,0.00761076155346687,0.00639814803170303,0.00393639931112294,0.00202334541942419,0.00188403595501096,0.0017708258905449,0
0.879490159131001,0.423298635886191,0.1770263174844,0.0922209875649488,0.0739181753692767,0.0305681852663244,0.0234358885050298,0.0137556783935013,0.0119859398739394,0.00786575685061779,0.00777117819326235,0.00651897418381312,0.00399328312369718,0.00207076865440834,0.00193052754191135,0.00177330500957874,0.879488597320496,0.423301536961364,0.177027356311968,0.0922212150290153,0.0739176097469291,0.0305684099193054,0.0234352879938185,0.0137554967603264,0.0119856943718699,0.00786541994306039,0.00777106158126585,0.00651882993548827,0.00399311132861055,0.00207081888414468,0.00193054758568523,0.00177341190130625,0
0.87856091115978,0.424807758452976,0.177183891308807,0.0933039986430213,0.0743994884460662,0.0307334147827743,0.0235088284781482,0.0137991945942702,0.0121364546072973,0.00799721017808201,0.0079369897053154,0.00664847667278102,0.00405003566054736,0.00212096190781114,0.00197861035833011,0.00177585728618322,0.878559270122256,0.424810790493519,0.177184996922698,0.093304212621551,0.0743988944519013,0.0307336629793827,0.0235082082533459,0.0137990057999047,0.0121361900267844,0.00799685381090885,0.00793685815303904,0.00664833277072198,0.00404986299330284,0.00212102113819443,0.00197862928483813,0.00177596817572513,0
0.877602000193432,0.426377335268375,0.177300452552084,0.0944222652220423,0.0748747608919588,0.030906781019239,0.0235698107424747,0.0138327546415405,0.0122875551881633,0.00812916918738897,0.00810796278927987,0.00678734670913761,0.00410656602438376,0.00217472006915709,0.0020276643621957,0.00177857114103999,0.877600276481391,0.426380502706631,0.177301628753285,0.0944224658877513,0.0748741348786196,0.0309070550976444,0.0235691698541129,0.0138325586238386,0.0122872703828108,0.00812879173498383,0.00810781606734543,0.00678720018537091,0.00410639307356085,0.0021747897423235,0.00202768300902231,0.00177868632933936,0
0.876607268612142,0.428016557247852,0.177376885261387,0.0955823086607955,0.0753452489988466,0.0310915252729573,0.023618794502619,0.0138569440932251,0.0124393074084941,0.00828383111257577,0.00826225399743472,0.00693604330258594,0.00416267453955056,0.00223292871795719,0.0020771088617746,0.00178167463827975,0.876605458597524,0.428019864546004,0.177378136091018,0.0955824967664679,0.0753445867179911,0.0310918277562329,0.0236181318110137,0.0138567407771342,0.0124390012648605,0.00828366908507379,0.00826185362939192,0.00693589092292808,0.00416250184076917,0.00223301035205506,0.00207712809315016,0.00178179445671824,0
0.875569626860533,0.429735806906592,0.177414347066188,0.0967915989396912,0.0758121353680515,0.0312915120628307,0.0236556938985606,0.013872755546091,0.0125914818463858,0.00846433837322029,0.00839710358697333,0.0070949672075073,0.00421821890556867,0.00229636816164528,0.00212651416839144,0.00178542079906898,0.875567726734429,0.429739258485607,0.177415676838881,0.096791775952261,0.0758114318840741,0.0312918456709097,0.0236550080768595,0.0138725447808005,0.0125911533394583,0.00846416094918435,0.008396678250582,0.00709480551819116,0.00421804692849478,0.00229646328134182,0.00212653496034918,0.00178554561110028,0
0.874480943120914,0.431546807559956,0.177414219803439,0.0980586679283117,0.0762764698918316,0.0315112555082246,0.0236803444877998,0.0138818930329522,0.0127432473774563,0.00864919160423789,0.00853435701903815,0.00726448544285374,0.00427311080779306,0.00236559860856665,0.00217570940862024,0.00179008238211928,0.874478948896223,0.431550407710937,0.177415633142687,0.0980588361768265,0.0762757194924221,0.0315116231698187,0.0236796340299299,0.0138816744198137,0.0127428957403489,0.00864899870098103,0.008533904418695,0.00726431080381428,0.00427293994005639,0.00236570879352171,0.00217573282663126,0.00179021258866436,0
0.873331873103635,0.433462840095161,0.17737810070141,0.0993932603702947,0.0767391328828186,0.0317559794418197,0.0236924854425126,0.0138873989741947,0.0128925546254886,0.00883802417857221,0.00867464017959467,0.00744495452351651,0.00432731281092713,0.00244095460957005,0.00222479102500952,0.00179595180846439,0.873329780621532,0.433466592868386,0.177379602577667,0.0993934232097855,0.0767383289888793,0.0317563843042246,0.0236917486755386,0.0138871714041862,0.0128921798142116,0.00883781569151491,0.00867415775321487,0.00744476313287562,0.00432714334043148,0.00244108161295137,0.00222481813691105,0.00179608785667402,0
0.87211162533125,0.435499033788544,0.177307825010993,0.100806520286463,0.0772008132757383,0.0320317083437097,0.0236917521046762,0.0138949124528888,0.0130348975647231,0.00903036792931694,0.00881855504710753,0.0076367418168992,0.00438083516450895,0.00252263303299521,0.00227404555403989,0.00180334514815065,0.872109430272622,0.435502942854042,0.177309420783922,0.100806682279707,0.0771999483538835,0.0320321537790409,0.0236909872049106,0.0138946729110283,0.0130345014601366,0.00903014370424187,0.00881803994004089,0.00763652973008094,0.00438066726097871,0.00252277887643362,0.00227407736869102,0.00180348754339942,0
0.87080765216994,0.437672743659688,0.177205513500201,0.10231121154952,0.0776619972407839,0.0323453870700922,0.0236776747689002,0.0139148183996832,0.0131611913600274,0.00922563586102777,0.00896666929847047,0.00784024299672223,0.00443373237497042,0.00261080426090829,0.00232385552229928,0.00181260933881656,0.870805350073563,0.437676812131206,0.17720720896669,0.102311378668597,0.0776610627228311,0.0323458766769249,0.0236768797811475,0.0139145593840784,0.0131607803588006,0.00922539566524185,0.00896611833589914,0.00784000614352384,0.00443356607085002,0.00261097126827326,0.00232389298926646,0.00181275865988542,0
0.869405250337175,0.440004034487057,0.17707364084547,0.103921971978723,0.0781229642351843,0.0327050287856558,0.0236496805608987,0.013963679326588,0.0132563726849398,0.00942311914252273,0.00911950469344603,0.00805589199796446,0.00448609958103511,0.00270569942998998,0.00237463468701728,0.00182413203829873,0.869402836626868,0.44000826469907,0.177075442295778,0.10392215182852,0.0781219504502918,0.0327055663853515,0.0236488534200277,0.0139633863842746,0.0132559601768527,0.00942286263077309,0.00911891435282529,0.00805562620196926,0.00448593475119453,0.00270589021749398,0.00237467873756781,0.00182428895564726,0
0.867887046185972,0.442516301532445,0.176915123310152,0.105655600237301,0.0785837884646859,0.0331198920894354,0.0236070958940828,0.0140582189275476,0.0133054508450809,0.00962200485528563,0.00927752323180819,0.00828415771023522,0.00453806887148946,0.00280766813500766,0.00242679754888075,0.00183835365092855,0.867884516209999,0.44252069475686,0.176917037594532,0.105655802303804,0.0785826845914236,0.0331204817162653,0.0236062344479834,0.0140578765103998,0.0133050513728514,0.00962173152362281,0.00927688961766186,0.00828385871783377,0.00453790521066218,0.0028078855819165,0.00242684915133221,0.00183851894782152,0
0.866230694385604,0.445239000018353,0.17673452160382,0.107532780868852,0.0790470639439736,0.0336008159949637,0.0235496868678838,0.0142029739256726,0.0133069867454904,0.00982164778592116,0.00944111241812097,0.00852135797456383,0.00458993544580252,0.00291682535354278,0.00248077181831835,0.00185555709212389,0.866228046978837,0.445243549145528,0.176736555443479,0.107533017678607,0.0790458591956952,0.0336014608419266,0.023548789625178,0.0142025772631835,0.0133066042335738,0.00982135718220798,0.00944043186548389,0.00852102184621498,0.00458977237247955,0.00291707242313593,0.00248083209825775,0.00185573163827977,0
0.864413487384184,0.448202348786138,0.176533859260214,0.109574692725401,0.0795076985103926,0.034160325108933,0.0234752575403052,0.0143886220491578,0.0132707408057546,0.0100210516230975,0.00961070169344674,0.00877639251903036,0.00464170064991969,0.00303480035231297,0.00253693904546054,0.00187679967759186,0.864410714599072,0.448207058379718,0.176536021662939,0.109574977754586,0.0795063785746922,0.0341610305572378,0.0234743215035461,0.0143881757932272,0.0132703696430141,0.0100207423754592,0.00960996890185661,0.00877601470856095,0.00464153747769691,0.00303508047287553,0.00253700914780486,0.00187698460205846,0
0.862404526546038,0.451446291797431,0.176318891688809,0.111805515788704,0.0799688360842165,0.0348119499902948,0.0233838631777771,0.0146068343589682,0.0132087210439422,0.0102194583527205,0.00978615917094453,0.00904121286163707,0.00469363097873203,0.00316168985164732,0.00259557955174787,0.00190222095105365,0.862401627759525,0.451451149883449,0.17632119095781,0.111805867102967,0.0799673880699965,0.0348127193404847,0.0233828867766471,0.0146063440149404,0.0132083551075363,0.0102191290946882,0.00978536970337873,0.00904078979775527,0.00469346661621224,0.00316200629641224,0.0025956609392982,0.00190241745970351,0
0.860163262697841,0.455022465785527,0.176097292153357,0.114260709699769,0.0804280713888675,0.035575253206607,0.0232735753880489,0.0148531605201851,0.0131287794340831,0.0104176561354936,0.00996812919090006,0.00932378640966955,0.004746188525407,0.00329961157686707,0.00265736620924787,0.0019333171450145,0.860160230180912,0.455027471548762,0.176099739258542,0.114261146839188,0.0804264788488679,0.0355760921901964,0.0232725556474831,0.0148526300707129,0.0131284139105481,0.0104173037939423,0.00996727693096551,0.0093233145284486,0.00474602166096041,0.00329996783853628,0.00265746055322124,0.00193352680440443,0
0.857647221327246,0.458985202769169,0.175873869583505,0.116966146062353,0.0808855783501881,0.036466710297351,0.0231435725374375,0.0151250029598515,0.0130358913648904,0.0106157409131146,0.0101558218453732,0.00961499970204044,0.00479934777516962,0.00344930855463532,0.00272229013470708,0.00197027022776091,0.857644055651904,0.458990336209841,0.175876475087317,0.116966694453284,0.0808838269004392,0.0364676220121181,0.0231425079202745,0.0151244346548853,0.0130355235828436,0.0106153610586261,0.0101549016751746,0.00961447776252587,0.00479917659653954,0.00344970782207892,0.00272239950523789,0.00197049471520327,0
0.854788964595231,0.463418162549786,0.175662956314225,0.119972583371548,0.0813407210618938,0.0375147646223889,0.0229921610379597,0.0154238354156862,0.0129346628629121,0.0108187670965074,0.0103497212770178,0.00991941304738253,0.00485395984315122,0.00361355688982305,0.00279126183308718,0.00201505207634892,0.854785659153704,0.463423413335672,0.17566573393682,0.119973270759443,0.0813387930459554,0.0375157546141197,0.022991048823086,0.0154232305882754,0.0129342906938294,0.0108183504786,0.0103487265073551,0.00991884267405402,0.0048537821424534,0.00361400213725936,0.00279138874791485,0.00201529357059091,0
0.85152073788683,0.468406518132943,0.175470295335632,0.123310802822131,0.0817913297648722,0.0387415230084022,0.0228172261452373,0.0157481894156896,0.012828034191056,0.0110326517525175,0.0105484854283176,0.010222630028114,0.00490981736408913,0.00379389857426007,0.00286401402011861,0.00206795749637574,0.851517295734785,0.468411852859729,0.175473259018618,0.123311664757588,0.08178921075358,0.0387425933329937,0.0228160651325194,0.0157475486352544,0.0128276564363617,0.0110321820347644,0.0105474106947573,0.0102220206830446,0.00490963024020556,0.0037943922243526,0.00286416150047649,0.00206821837980062,0
0.847730844031247,0.47408639094394,0.175318030852189,0.127045233555048,0.0822368009440915,0.0401865266245786,0.0226169164447997,0.0161005211131473,0.0127215524457579,0.011273986338496,0.0107518527426241,0.0105183980008726,0.00496804281013128,0.00399373312953185,0.0029415689791016,0.00213137687766928,0.84772726155509,0.474091782617011,0.175321198414979,0.127046309328808,0.0822344741339424,0.0401876812340266,0.0226157047426191,0.0160998445942344,0.0127211671849948,0.0112734342530612,0.0107506917764672,0.0105177696231116,0.00496784265345718,0.00399427675854592,0.0029417407583359,0.00213166027164754,0
0.843295993618063,0.480609527495715,0.175216736199922,0.131215664291327,0.0826725973620889,0.0418825937219828,0.0223869651411732,0.0164778778713059,0.0126198527538886,0.0115593845513729,0.0109575478247029,0.0107832380099952,0.00502843679709462,0.00421538249367985,0.00302345782093405,0.00220574133123668,0.843292279060294,0.480614919843015,0.175220126987359,0.131217004069702,0.0826700512511144,0.0418838314275529,0.0223857028269098,0.0164771654037805,0.0126194566382086,0.0115587158421232,0.01095629743254,0.0107826155022634,0.00502821888452485,0.00421597681792879,0.00302365824690183,0.00220605082533507,0
0.838028114693032,0.4882026311024,0.175193353573183,0.135885099535618,0.0830934561448139,0.0438797485454782,0.0221231818878269,0.0168784244446946,0.0125323766312176,0.0119022850810131,0.011162659515613,0.0110104835448375,0.00509183667099587,0.00446192714038947,0.00311019707329847,0.00229300932775136,0.83802427626614,0.488207959235816,0.175196991600325,0.135886761506328,0.0830906809419647,0.043881066405114,0.0221218699669093,0.01687767567156,0.0125319601315305,0.0119014784069549,0.011161321368204,0.0110098759232963,0.00509159491026309,0.00446257146166436,0.00311043134990243,0.00229334957443168,0
0.83166556145067,0.497178432715829,0.17527926533945,0.141113263943507,0.0834902508387683,0.0462362481276467,0.0218188942167653,0.0172968690933044,0.0124736224628181,0.0123002717653581,0.0113610520667494,0.0112061874103928,0.0051589104413806,0.00473569065936877,0.00320189158010752,0.00239458833409267,0.831661614099742,0.497183608996228,0.175283179985621,0.141115318137835,0.0834872422722212,0.0462376377163773,0.02181753634265,0.0172960835407759,0.0124731589173264,0.0122993226850229,0.0113596440881965,0.0112055832323162,0.00515863674490748,0.00473638240685218,0.00320216587486557,0.00239496530797106,0
0.82382108320375,0.50799362963815,0.1755170090604,0.146955876406083,0.0838463874372103,0.0490246683737917,0.0214641507935067,0.0177235549942701,0.0127429801434806,0.0124670888748699,0.0115418566246737,0.0113855209691123,0.00523040924451325,0.00503733150995727,0.00329845591975503,0.00251156899612526,0.823817052537396,0.507998535366823,0.175521237236221,0.146958407415262,0.0838431501076612,0.0490261120535452,0.0214627553273957,0.0177227322352714,0.0127418851301966,0.0124665114214187,0.0115404356099902,0.0113849021621667,0.00523009265215708,0.00503806525203486,0.00329877762723677,0.0025119904731028,0
0.813852617300328,0.521391116354433,0.175979676243764,0.153481585433702,0.0841349267418266,0.0523510781594911,0.0210446582859495,0.0181454111470847,0.0132228003696325,0.0125449736233387,0.0116951145971027,0.0115676829519713,0.00536491716704694,0.00530808665264668,0.00340010440788459,0.00264538737243125,0.813848542708812,0.521395594921416,0.175984266360891,0.153484694817907,0.0841314778080475,0.0523525437098347,0.0210432422790945,0.0181445509820045,0.0132215455912455,0.0125441684021012,0.0116937820420491,0.0115670314677129,0.00536568202684702,0.00530771175572575,0.00340048287742271,0.00264586369796644,0
0.800773351215613,0.53848764782101,0.176734731606759,0.160645597955333,0.0842834664760312,0.0563198302439688,0.0205337653820829,0.0185279168109564,0.0137225017725192,0.0127248827667198,0.0118323134961771,0.0117666727015649,0.00570441840342044,0.00539119441020359,0.00350413653719257,0.00279323140896636,0.800769312351982,0.538491466745086,0.176739747071641,0.160649409617428,0.0842798523353515,0.056321252329469,0.0205323632919687,0.018527019821777,0.0137210569741926,0.0127237632998262,0.0118311446985623,0.0117659725416733,0.00570519419418662,0.00539073976481094,0.00350458361476546,0.00279377507674814,0
0.776454066299237,0.567991789005919,0.182327065892249,0.168897190657246,0.0851821343856745,0.0624845993131205,0.0223078010043482,0.0171896651352912,0.0147797545613001,0.0135716902615736,0.0125119132392139,0.0112209802986289,0.00640173574277001,0.0056412591299609,0.00379593455813523,0.00303996711143939,0.776450178745896,0.5679944495879,0.182332540350734,0.168902194416319,0.0851787219273407,0.0624855505462709,0.0223066302113317,0.0171884322590687,0.0147783862879881,0.0135707384132815,0.0125104685687076,0.0112201661298313,0.00640189796758738,0.00564113919174057,0.00379643035097307,0.00304018679068748,0
0.720888964118502,0.630715214529464,0.192342488906859,0.177063200300262,0.0855654648262733,0.0717722215109006,0.0231023463880977,0.0161910030542059,0.0158292392907485,0.0152025385079955,0.0129205970904052,0.0115589744052496,0.00720798427600457,0.00611942086176907,0.00404531835868876,0.0037204074982595,0.720886083800021,0.630715321700004,0.192349110549223,0.177069339069939,0.0855631991818433,0.0717715740170604,0.0231014072970541,0.0161897662492781,0.0158277143433398,0.0152015422686098,0.0129190065059672,0.0115581124497007,0.00720749532852862,0.00611955215880243,0.0040457568561081,0.00372066793799012,0
0.689117349884447,0.668818994615895,0.185814816588334,0.172403156558752,0.0822921420753664,0.0721995978681179,0.0216315727622988,0.0165984820922763,0.0150015392502817,0.0137205049030431,0.0137126382150527,0.0105686757509177,0.00667172470480011,0.00579432175801266,0.0038618592593873,0.0037671110555474,0.689115324686896,0.668817988327826,0.185821864780051,0.172409699332869,0.0822902731326096,0.072198238603429,0.0216307625679272,0.0165961854069385,0.015000759480382,0.0137185237673869,0.0137116371491216,0.0105677762365423,0.00667108751739645,0.00579462004930792,0.00386214131058711,0.0037676537098478,1
0.687643707299654,0.672808287526362,0.181192521692771,0.169026859502721,0.0805910291226613,0.0713566446557112,0.02079387786027,0.0168683468995252,0.0145393878456086,0.0140652953461484,0.0127879875561419,0.00996109053553036,0.00633560145658016,0.00555371065838541,0.00377409394489608,0.00367560683986402,0.687641776298063,0.672807234292874,0.181199636769908,0.169033487027106,0.0805891402108024,0.071355232285602,0.0207931201073412,0.0168658319656258,0.0145385951154935,0.0140631744325041,0.0127869958031418,0.00996019184679814,0.00633497167048766,0.00555404780629785,0.00377434488993305,0.00367624071488379,1
0.686392387704995,0.676470933810913,0.176636798311947,0.165616673852997,0.0789461352501599,0.0705131106802968,0.0199627711185822,0.0171381581448137,0.0144311447199449,0.0140527057790571,0.0119125774398886,0.00937403551605189,0.00600987131703246,0.00531606616286795,0.00368588339335323,0.00358071496766851,0.686390547812306,0.676469845634168,0.176643959564028,0.165623366973859,0.0789442458700281,0.0705116651992593,0.0199620718143473,0.0171354149055118,0.0144287966919473,0.0140519878596745,0.0119115974528155,0.00937313991925353,0.00600924394144217,0.0053164387841516,0.00368612197417543,0.0035814202790782,1
0.68575224254608,0.679416073178864,0.172154478811979,0.162183851577411,0.0773682619907596,0.0696781039887589,0.0191414217069681,0.0174061915697107,0.0147675745640306,0.0135907502631766,0.0110860035657554,0.00880890961769385,0.00569622586638715,0.00508224448435292,0.00359682040285932,0.0034842449397141,0.685750468345338,0.679414984081163,0.172161664839042,0.162190590358303,0.0773663907961366,0.069676649277478,0.0191407858898109,0.0174032111741903,0.0147650257724758,0.0135900811822977,0.0110850381045928,0.00880801934453002,0.00569559647169413,0.00508264689028073,0.00359706132523669,0.00348500649826487,1
0.68563886556251,0.681731811001229,0.167758439725572,0.158744652223521,0.075866653208093,0.0688679840452868,0.0183330671200461,0.0176709891370228,0.0151028277027532,0.0131245027169745,0.010308343818992,0.00826732891753879,0.00539627487105353,0.00485342393375179,0.00350699566857527,0.00338799453279854,0.685637122346528,0.681730762497264,0.167765629478681,0.158751416837436,0.0758648220951293,0.0688665426849566,0.0183324995042339,0.0176677637968149,0.0151000915383954,0.0131238698755438,0.01030739537859,0.00826644601901461,0.00539563862129877,0.00485384827485207,0.00350724752899489,0.0033888044724123,1
0.686343243956168,0.683129232223132,0.163454103974596,0.155310095150814,0.0744493036284239,0.0680942281015602,0.0179302957971561,0.0175403361925691,0.0154301665525239,0.0126599443976901,0.00957837223336357,0.00774999422426437,0.00511099978754734,0.00463037909645264,0.00341705302950942,0.00329261985645127,0.686341546352057,0.683128215444951,0.163461276396786,0.155316865654605,0.07444753584312,0.0680928225767979,0.0179268195684449,0.0175398405272681,0.0154272406861013,0.0126593516275377,0.00957744314923053,0.00774912066817406,0.00511035176324204,0.0046308145125264,0.00341732368271026,0.0032934729857716,1
0.687164328290536,0.684313257966894,0.159246805627845,0.151891139171824,0.073123038738019,0.0673695291823019,0.0181818988182163,0.0167653857155146,0.0157471756881351,0.0121988914647469,0.00889469074815581,0.00725736926298675,0.00484115157807628,0.00441392304772427,0.00332770812594309,0.00319863110124003,0.687162685980382,0.684312267499948,0.159253939967499,0.151897895778803,0.073121360864349,0.0673681787735619,0.0181781688245975,0.0167649641509138,0.0157440590803452,0.0121983420360028,0.00889378315993127,0.00725650688928181,0.00484048636038401,0.00441435512982434,0.00332800641575333,0.00319952424347853,1
0.687961470161614,0.685426134006765,0.155136098509025,0.148494125092974,0.0718943520795313,0.0667019474564586,0.0184232262280404,0.0160516158382797,0.0160094828934501,0.0117426970869874,0.00825511802279921,0.00678929699775989,0.00458708998230209,0.00420465861425867,0.00323962365586437,0.00310598456312462,0.687959883429352,0.685425173245187,0.155143173880216,0.148500847861364,0.0718927907637062,0.0667006705537297,0.018419241653732,0.0160483091468651,0.0160091373014225,0.0117421938844746,0.00825423397780837,0.00678844762561608,0.00458640218108999,0.00420506774023933,0.00323996318137557,0.00310691416969349,1
0.688729237230479,0.686474844875162,0.151120352563464,0.14512411996619,0.0707694161058505,0.0660988478800901,0.0186513409925186,0.0163412255214324,0.0152736586345594,0.0112926036613937,0.00765735603170612,0.00634541221714828,0.00434904157030644,0.00400332476179286,0.00315318644555391,0.00301456525048325,0.688727705550014,0.686473917603657,0.151127347941881,0.145130788815935,0.0707679967528142,0.0660976619930818,0.0186471044651602,0.0163377316007398,0.0152733898309614,0.0112921491644411,0.00765649750267051,0.00634457767380445,0.00434832597895491,0.00400368413937289,0.00315358787609414,0.00301552710500958,1
0.68946656077631,0.687462247527194,0.147197560641398,0.141785505692953,0.0697540915445278,0.0655674859614219,0.0188632167992933,0.016613797445487,0.0145586398806746,0.010849768615811,0.0070991148212821,0.00592522503655477,0.00412718379621446,0.00381100191909276,0.00306834434221896,0.00292425730628794,0.689465083059678,0.687461357693923,0.147204454973364,0.141792100506119,0.0697528373756471,0.0655664072709123,0.0188587351969886,0.0166101218380324,0.0145584475079646,0.01084936479321,0.00709828370104548,0.00592440717190095,0.00412643552660491,0.00381127499864348,0.00306883814357734,0.0029252465201815,1
0.690172704442662,0.68839104555735,0.143365384323112,0.138481988650523,0.0688540257448637,0.0651150495637617,0.0190557690258142,0.0168672026176148,0.0138648836382966,0.0104152714989714,0.00657813218512302,0.00552813763915211,0.00392169941483254,0.00362939337914952,0.00298434490580314,0.00283494147162634,0.690171278983878,0.688390197380873,0.143372156546462,0.138488489282047,0.0688529568072842,0.065114092497199,0.019051054345529,0.0168633540446655,0.0138647661023711,0.0104149196873889,0.00657733028958374,0.00552733835381656,0.00392091411785461,0.0036295311136767,0.00298497417405867,0.00283595248444104,1
0.69084713097495,0.689263829547733,0.139621273288899,0.135216697900476,0.0680746702312888,0.0647486194887315,0.0192259748894004,0.0170994848286319,0.0131926167656347,0.00999012093696556,0.00609220118599226,0.00515347057568274,0.00373283437758689,0.00346127571993791,0.00289931603410527,0.00274650086705593,0.690845755410794,0.689263027571482,0.139627902406798,0.135223084237211,0.0680738024682323,0.0647477964252439,0.0192210450025294,0.0170954755395011,0.0131925711476613,0.00998982166504646,0.00609143024710585,0.00515269184773043,0.00373200854074715,0.00346121683947438,0.00290013627072264,0.00274752746166599,1
0.691489466152638,0.690083054869593,0.135962497146406,0.131992187242583,0.0674213564115535,0.0644751822562666,0.0193709558468437,0.017308909554367,0.0125418826555701,0.00957525764363134,0.00563918362988139,0.00480047433507706,0.00356095673710011,0.00331098146758308,0.00280982149479093,0.00265881878891857,0.691488137433543,0.690082304008736,0.135968962247147,0.131998439212281,0.0674207009060491,0.0644745034215385,0.01936583504104,0.0173047554838845,0.0125419046160521,0.00957501041880579,0.00563844529201918,0.00479971825405261,0.0035600880635773,0.00331066541518745,0.00281088764930796,0.00265985411133842,1
0.692099452768486,0.690851009081106,0.132386256490048,0.128810516704393,0.0668993039789177,0.064301591133036,0.0194881381262818,0.0174940642768326,0.0119126003321552,0.00917155070853118,0.00521703096348687,0.00446834791523468,0.00340661858413859,0.00318418481793496,0.00271112481122145,0.00257178640449908,0.692098167204366,0.690850314519332,0.132392536878568,0.128816614401606,0.0668988666316352,0.0643010648084673,0.0194828570228775,0.0174897847660268,0.0119126839546826,0.00917135374206878,0.00521632676408635,0.00446761670153144,0.00340570639014968,0.00318358977695475,0.00271245318936392,0.0025728230155811,1
0.692676920314192,0.691569784380553,0.12888975166876,0.125673269359198,0.0665136674028027,0.0642345578919423,0.0195754011026383,0.017653919809788,0.011304635773619,0.0087797808227985,0.00482379766341804,0.00415624696756889,0.00327061165810594,0.00308570740352735,0.00259944000330864,0.00248530765531329,0.69267567371057,0.691569151295972,0.128895827122946,0.125679193297242,0.0665134493023356,0.0642341910058042,0.0195699955664478,0.0176495367087738,0.011304773354714,0.00877963073285856,0.00482312899805043,0.00415554296709913,0.00326965719005242,0.00308488945786349,0.00260096905638125,0.00248633763263336,1
0.692808879322726,0.692808879322016,0.123847971288977,0.123847971288822,0.0650371940658723,0.0650371940657924,0.0183563663904576,0.0183563663904369,0.0089905102525915,0.00899051025257144,0.00413058662103383,0.00413058662102081,0.00299245291684504,0.00299245291684449,0.00197437225279988,0.00197437225279435,0.692808040059897,0.692808040059251,0.123853263055862,0.123853263055681,0.0650372923433464,0.0650372923432929,0.0183521734059883,0.0183521734059587,0.00899048223099267,0.00899048223096855,0.00413006827142269,0.00413006827141041,0.00299161772819012,0.002991617728188,0.00197514148155759,0.00197514148155177,1
0.693365275898128,0.693365275897969,0.120681722052433,0.120681722052344,0.0651119673733336,0.0651119673732723,0.0184477428750937,0.0184477428750557,0.00858407937111689,0.00858407937107662,0.00383328366938358,0.00383328366936852,0.00293350061208296,0.0029335006120819,0.0019085912884623,0.00190859128845377,0.693364490289993,0.693364490289868,0.120686760557452,0.120686760557366,0.0651122443921612,0.0651122443921113,0.0184435186426948,0.0184435186426543,0.00858400341277734,0.00858400341273607,0.00383278334486505,0.00383278334485009,0.00293265172051009,0.00293265172050742,0.00190942205044954,0.00190942205044096,1
0.693884517566815,0.693884517566109,0.11757201761213,0.117572017612073,0.0653209694592823,0.0653209694590026,0.0185120613593627,0.0185120613592863,0.00819434365535499,0.00819434365533152,0.00355553651992301,0.00355553651991299,0.00289609420039669,0.00289609420039588,0.00184255795569195,0.00184255795568631,0.693883781415278,0.693883781415129,0.117576802284252,0.117576802284155,0.065321438642733,0.0653214386425998,0.0185078024467416,0.0185078024466733,0.00819422634596729,0.00819422634594041,0.00355505880264545,0.00355505880263618,0.00289523405276804,0.00289523405275931,0.00184341723073925,0.00184341723073335,1
0.694367015662868,0.694367015662775,0.114518088841103,0.114518088841092,0.0656697280584697,0.0656697280584545,0.0185492120417986,0.0185492120417972,0.00781983675065951,0.0078198367506582,0.00329618649690081,0.0032961864969,0.00288102923666612,0.00288102923666566,0.00177578584112962,0.0017757858411293,0.694366324036896,0.694366324036867,0.11452262419306,0.114522624193043,0.0656704004893542,0.0656704004893446,0.0185449153896588,0.0185449153896562,0.0078196925182728,0.00781969251827111,0.00329573756978147,0.00329573756978083,0.00288016302640806,0.00288016302640768,0.00177662262087719,0.00177662262087706,1
0.694813737714873,0.6948137376318,0.111517653031709,0.111517653031697,0.0661615980862325,0.0661615980851926,0.018553675464855,0.0185536754642466,0.00745158699726363,0.00745158699725797,0.00305445844643539,0.00305445844643384,0.00288781987666696,0.00288781987661122,0.00170049974736771,0.00170049974736677,0.69481309069283,0.694813090609807,0.111521905923846,0.11152190592383,0.0661624472764403,0.066162447275426,0.0185494985786173,0.0185494985780197,0.00745149442438155,0.00745149442437628,0.00305407935386883,0.00305407935386701,0.00288699127412682,0.00288699127407036,0.00170098299729393,0.00170098299729276,1
0.695222931842212,0.69522293177752,0.108572969204269,0.108572969204244,0.0668081599201056,0.0668081599196025,0.0185441646153749,0.0185441646149771,0.00711136867839939,0.00711136867839695,0.00291761375728328,0.00291761375722062,0.00282814694799718,0.00282814694799577,0.0016391220327984,0.00163912203279754,0.695222316981207,0.695222316916537,0.108577010741811,0.108577010741786,0.0668092301019119,0.0668092301014289,0.0185398871896434,0.0185398871892578,0.00711125244472656,0.00711125244472242,0.00291678360257887,0.00291678360251462,0.00282779369028104,0.00282779369027938,0.00163955962683025,0.00163955962682929,1
0.695595949919923,0.695595949865691,0.105679928461765,0.105679928461661,0.0676107326315633,0.0676107326313908,0.0185110464891466,0.0185110464888786,0.00678300187586914,0.00678300187584872,0.00296842351470744,0.00296842351463835,0.00261672755392566,0.0026167275539182,0.00157774784606886,0.00157774784606347,0.695595361390473,0.695595361336286,0.105683781508379,0.105683781508277,0.0676120267214755,0.067612026721334,0.0185066314661035,0.0185066314658477,0.00678286687988552,0.00678286687986457,0.002967594185347,0.00296759418527668,0.00261639606089966,0.00261639606089208,0.00157815827779204,0.00157815827778679,1
0.695932667303409,0.695932667261217,0.102836381875346,0.102836381875294,0.0685753386106054,0.0685753386105156,0.018456270354884,0.0184562703547363,0.00646555077488651,0.00646555077488615,0.00303900191302649,0.00303900191295917,0.00241917728971689,0.00241917728971502,0.00151621006035118,0.00151621006035044,0.69593210016825,0.695932100126072,0.102840068302533,0.102840068302477,0.0685768507654278,0.0685768507653341,0.0184516908952916,0.0184516908951459,0.0064654037722453,0.0064654037722444,0.00303817786542032,0.00303817786535259,0.00241886384561023,0.00241886384560841,0.00151660987889872,0.00151660987889806,1
0.696232691545795,0.696232691513195,0.100039898178527,0.100039898178486,0.0697088869688894,0.0697088869686625,0.0183823535773145,0.018382353577238,0.00615831280805411,0.00615831280805197,0.00312812110815809,0.00312812110809542,0.00223454934198544,0.00223454934198396,0.00145430515815145,0.00145430515815066,0.696232141546086,0.696232141513503,0.100043439830379,0.100043439830336,0.0697106047212195,0.0697106047209765,0.018377589181304,0.0183775891812345,0.00615816172707782,0.00615816172707477,0.00312730605090527,0.00312730605084183,0.0022342504941296,0.00223425049412818,0.00145470917574095,0.00145470917573998,1
0.696495301126129,0.696495301100418,0.0972877184320501,0.0972877184320411,0.0710196151227436,0.0710196151224317,0.0182923222548527,0.0182923222548266,0.00586075176455028,0.00586075176454605,0.00323471015332274,0.00323471015326423,0.00206196615910644,0.00206196615910574,0.00139180398041822,0.0013918039804176,0.696494764286737,0.696494764261032,0.0972911398497319,0.0972911398497216,0.0710215218383396,0.0710215218380199,0.0182873517083243,0.0182873517083033,0.00586060642842112,0.00586060642841696,0.00323390303555962,0.00323390303549988,0.00206167855245676,0.00206167855245617,0.00139222630583946,0.00139222630583848,1
0.696719373640623,0.696719373620275,0.0945766168938214,0.0945766168937929,0.0725176776563369,0.0725176776559762,0.0181895613913457,0.0181895613913341,0.00557235694125332,0.00557235694124698,0.00335796630440008,0.00335796630434509,0.00190061255355154,0.00190061255354962,0.00132845813043771,0.00132845813043629,0.696718845874648,0.696718845854295,0.0945799495300785,0.0945799495300594,0.0725197534480587,0.072519753447701,0.0181843554918814,0.0181843554918694,0.00557223232628157,0.00557223232627581,0.00335715526233758,0.00335715526228248,0.00190033305910024,0.00190033305909822,0.00132891274483499,0.00132891274483359,1
0.696903298538107,0.696903298522828,0.0919024426011573,0.0919024426011308,0.0742161258461818,0.0742161258458292,0.0180775645945144,0.0180775645944934,0.0052924162590472,0.00529241625904575,0.00349753878224152,0.00349753878219485,0.00174972217522508,0.00174972217522406,0.0012640763253344,0.00126407632533395,0.696902775827764,0.696902775812496,0.0919057279252385,0.0919057279252045,0.0742183421673948,0.0742183421670372,0.0180720912867918,0.0180720912867679,0.0052923401371487,0.00529234013714735,0.00349669160954589,0.00349669160949842,0.00174944972239198,0.00174944972239108,0.00126457128514746,0.00126457128514697,1
0.697044816583784,0.697044816571179,0.0892589094255035,0.0892589094254667,0.0761330594466653,0.0761330594463007,0.0179597836932857,0.0179597836932532,0.00501964298050482,0.00501964298050063,0.0036540615039597,0.00365406150391486,0.00160850633465806,0.00160850633465646,0.00119913547697377,0.00119913547697268,0.697044298313975,0.697044298301361,0.0892621817549854,0.0892621817549501,0.0761353526729973,0.0761353526726287,0.0179540875914223,0.0179540875913877,0.00501966482352886,0.0050196648235247,0.00365312083259429,0.00365312083254876,0.00160825050787149,0.00160825050786997,0.00119963361330036,0.00119963361329913,1
0.697140499443373,0.697140499434994,0.0866348060194755,0.0866348060194569,0.0782972876206436,0.0782972876203598,0.017842020554854,0.0178420205548322,0.00475220784640682,0.00475220784640169,0.0038306410861598,0.00383064108612797,0.00147571129817453,0.00147571129817363,0.00113862507744257,0.00113862507744168,0.697140002850732,0.69714000284239,0.0866379637797426,0.086637963779742,0.0782994986376473,0.0782994986373381,0.0178365692793259,0.017836569279295,0.00475233942420971,0.00475233942420627,0.00382962147429012,0.00382962147425548,0.00147551106602225,0.00147551106602113,0.00113890698203593,0.00113890698203515,1
0.697182567601734,0.697182567601614,0.0840119934030116,0.0840119934029893,0.0807679381995694,0.0807679381995467,0.0177574789964802,0.0177574789964658,0.00450374009824902,0.004503740098248,0.00403353380994743,0.00403353380993809,0.00134217540164521,0.00134217540164469,0.00114454829354221,0.00114454829353888,0.697182121243486,0.697182121243332,0.0840147105372608,0.0840147105372527,0.0807699957895672,0.080769995789553,0.0177529818857213,0.0177529818857118,0.00450370195999558,0.00450370195999456,0.00403278674139991,0.0040327867413925,0.00134199422891602,0.00134199422891537,0.00114455119806639,0.00114455119806293,1
0.697143806759306,0.69714380675426,0.0839509480353405,0.0839509480351526,0.0811390366986063,0.0811390366985988,0.0178472136820072,0.0178472136819608,0.0045594351184794,0.00455943511845923,0.00407420027628372,0.00407420027628251,0.00129700079996541,0.00129700079996299,0.00127080466283067,0.00127080466283033,0.697143273962743,0.697143273957715,0.0839540932571189,0.0839540932569107,0.0811419138047589,0.081141913804715,0.0178403108962279,0.0178403108961657,0.00455996190085545,0.00455996190082541,0.00407246078259747,0.00407246078259558,0.00129693527781412,0.00129693527781274,0.00127228069195407,0.00127228069195373,1
0.697021647752325,0.697021647745381,0.0872020465704436,0.0872020465702084,0.0786608824935954,0.0786608824935949,0.0180426214139496,0.018042621413853,0.00486225684785547,0.00486225684782097,0.00397948519243136,0.00397948519243093,0.00143943610349467,0.0014394361034937,0.00141605117021149,0.00141605117021074,0.697021099893661,0.697021099886781,0.0872051778390627,0.0872051778387773,0.0786639760579665,0.0786639760579145,0.0180353170823673,0.0180353170822454,0.00486247463426651,0.00486247463422046,0.00397783571133409,0.00397783571133139,0.00143941602979198,0.00143941602979111,0.00141799837199773,0.00141799837199684,1
0.696815501956874,0.69681550195514,0.0908728339368635,0.0908728339367877,0.0762067051854153,0.0762067051854065,0.0183131651042525,0.0183131651042302,0.00518864443819005,0.00518864443818039,0.00393490106686751,0.00393490106686489,0.0016157368919285,0.00161573689192788,0.00156021521611888,0.0015602152161181,0.696814974247518,0.696814974245797,0.0908757927118534,0.0908757927117683,0.0762096754549547,0.0762096754549415,0.0183063631059301,0.0183063631059015,0.00518864922284639,0.0051886492228337,0.00393334435811506,0.00393334435811349,0.0016157601227383,0.00161576012273799,0.00156219145563721,0.0015621914556361,1
0.696506040516984,0.696506040513431,0.095061978346124,0.0950619783459496,0.0737598615175409,0.0737598615174361,0.0186922197627111,0.0186922197626556,0.00554532150719151,0.0055453215071673,0.00395936359317661,0.0039593635931667,0.00183190051869449,0.00183190051869076,0.00169012953311624,0.0016901295331096,0.696505535094123,0.696505535090618,0.0950647964698309,0.0950647964696355,0.0737626190449955,0.0737626190448421,0.018686014692589,0.0186860146925203,0.00554522136836019,0.00554522136832834,0.00395780512714971,0.00395780512713705,0.00183196881422285,0.00183196881421856,0.00169207955423879,0.00169207955423286,1
0.696064865360053,0.696064865356036,0.0998987462053052,0.0998987462049774,0.0713083339820571,0.0713083339818257,0.0192229292341443,0.0192229292341136,0.00593903659832338,0.00593903659829149,0.0040831202419704,0.00408312024195471,0.00209610325099977,0.00209610325099254,0.00179068189325862,0.00179068189324987,0.696064376690665,0.696064376686621,0.0999014665536532,0.099901466553334,0.0713108726591797,0.0713108726589627,0.0192172629946083,0.019217262994587,0.00593887529169965,0.00593887529166892,0.00408154196269586,0.00408154196268101,0.00209622493602045,0.00209622493601331,0.00179258071077437,0.00179258071076517,1
0.695449143390867,0.69544914338368,0.105567178937777,0.105567178937107,0.0688384529193633,0.0688384529189986,0.0199620733718019,0.0199620733717263,0.00638120889555997,0.00638120889549487,0.00434247150669219,0.00434247150667765,0.00241911496233377,0.00241911496231865,0.00184762456580024,0.00184762456579015,0.695448664566772,0.695448664559635,0.105569832481324,0.105569832480639,0.0688407881193154,0.0688407881189238,0.0199568870850919,0.0199568870850175,0.0063809899184717,0.00638098991840574,0.00434091971778777,0.00434091971777202,0.0024193055160263,0.00241930551601172,0.00184941090391819,0.00184941090390873,1
0.694590874637933,0.694590874621494,0.112345266736837,0.112345266734989,0.0663311573239019,0.0663311573230553,0.0209887557415366,0.0209887557414464,0.00689467066783723,0.00689467066768151,0.00477588227990449,0.00477588227989532,0.00281422570490409,0.00281422570486815,0.00185532267585487,0.001855322675845,0.694590398196005,0.694590398179608,0.112347874800576,0.112347874798714,0.0663333094915158,0.0663333094906355,0.0209840131353214,0.0209840131352299,0.00689437075528126,0.0068943707551217,0.0047744119303726,0.00477441193036203,0.002814509232302,0.0028145092322665,0.00185693252369018,0.00185693252368143,1
0.693374553001977,0.693374552966499,0.120680759460317,0.120680759455598,0.0637568015192704,0.0637568015174486,0.022419207956013,0.0224192079558237,0.00752782628836532,0.00752782628800331,0.00543112615184743,0.00543112615180587,0.00329573834801291,0.00329573834792841,0.00181817330765252,0.00181817330764507,0.693374070296244,0.693374070260729,0.120683337738023,0.120683337733319,0.0637587923595744,0.0637587923577813,0.0224148960524834,0.0224148960522898,0.00752740062248038,0.00752740062212019,0.00542975851811239,0.00542975851806976,0.00329614907132759,0.00329614907124299,0.00181957521212505,0.00181957521211833,1
0.691585240232861,0.691585240074843,0.131357193164969,0.131357193140343,0.0610643085226195,0.061064308514906,0.0244348741146971,0.024434874113992,0.0083875255453558,0.00838752554383077,0.00639010655272892,0.00639010655226087,0.00387343033778147,0.00387343033741494,0.00174443441922532,0.00174443441911476,0.691584739783173,0.691584739625339,0.131359755162453,0.131359755137786,0.0610661610842074,0.0610661610763229,0.0244310030782306,0.0244310030775569,0.00838691385463282,0.00838691385308692,0.00638882709597711,0.00638882709550604,0.0038740087350859,0.00387400873472361,0.00174562747887686,0.00174562747875487,1
0.831850139280005,0.517542634125778,0.149974115494217,0.0996305190161816,0.0614687477184215,0.0465656162479004,0.0288757275113596,0.0266659979000602,0.00939356767172531,0.00718442726586898,0.00708134290478988,0.00565347869158929,0.00460989471979224,0.00392455429964688,0.00201720949764564,0.00146990510510746,0.831848124548851,0.517545352384774,0.149975692402932,0.0996306782481609,0.0614732257774174,0.0465622670454516,0.0288747154918661,0.0266631663752758,0.00939446522516157,0.00718383970884903,0.00708128988874716,0.00565275589614455,0.00461011412638478,0.00392482539999165,0.00201750726974881,0.00146973669930329,2
0.88828360256086,0.438104999157089,0.0967606494141375,0.0612164753805542,0.0610406520121166,0.039896803242563,0.0160028591226097,0.0159733523631751,0.00610332366439092,0.00356263103328995,0.00312821389573249,0.00303532684032889,0.00197453183309574,0.00150043938838249,0.00106519690587479,0.000994404115067133,0.888281462694051,0.43810935964194,0.0967610174668626,0.0612220132958477,0.0610378389645192,0.0398919897509852,0.0160009149200315,0.0159732766326111,0.00610553636747105,0.00356115541495077,0.00312821901734346,0.00303649470645033,0.00197461400343814,0.00150048864206514,0.00106431432702098,0.000995163532054336,2
0.905733773289379,0.407562990577473,0.0765892779851846,0.059289153893292,0.0501483702022489,0.0360494637788467,0.012503403651633,0.011775864704054,0.00515060006605729,0.00284590225047747,0.00245230045407767,0.00198981151332901,0.00123162694713365,0.000929349510501985,0.000859353001097442,0.00068581827178846,0.905731960842157,0.407567114256517,0.0765892335971492,0.0592939730850803,0.0501451450861938,0.0360450156103823,0.012503614944228,0.0117747901885747,0.00515271429735461,0.00284458873777948,0.00245386425509894,0.00198993415110889,0.00123176727965407,0.000928489278686585,0.000859243548790641,0.000686047974832147,2
0.916291020981778,0.386957334380505,0.0643083477546118,0.0573476279441252,0.0439656176655925,0.0330890844771026,0.010138597165819,0.00928282552156551,0.00438080384129415,0.00239376249141907,0.00212959844805143,0.00142648019494049,0.000889885056645258,0.000832193575848614,0.000598763203863393,0.000559133043819946,0.916289551303538,0.386960904987052,0.0643081645012319,0.057351561059577,0.0439626066575273,0.0330854026953613,0.0101390322564186,0.00928214390438332,0.00438241237626671,0.00239268247639337,0.00213107337209208,0.00142653610585113,0.000890029030382517,0.000831494512121891,0.000598712871844485,0.000559322205477865,2
0.923915536767334,0.370874102703513,0.0556039848274676,0.0554738616281193,0.0396428197040342,0.0306233574224428,0.00848814832772512,0.00755830380683145,0.00378358282732195,0.00206773677420418,0.00189327839753561,0.00107675280931039,0.000747905245278657,0.000697628021589727,0.000474173472942485,0.000450330001011647,0.923914351012776,0.370877128635733,0.0556037477530355,0.0554770566249657,0.0396401812267241,0.0306203495173285,0.00848867543680316,0.00755784473971897,0.00378478391746332,0.00206685792548955,0.00189456561510833,0.00107677694032978,0.000747343842892604,0.000697755562035122,0.000474299933991944,0.000450341052251984,2
0.929875085610876,0.357499307908389,0.0536913123235982,0.0489977745766047,0.0363272194321369,0.0285010737527515,0.00725218802624919,0.00629300893372819,0.00329896861820367,0.00181372192433162,0.00170261843626722,0.000840705676230005,0.000674430972129609,0.000572959072980124,0.000409342290928837,0.000357248200976166,0.929874130674046,0.357501844756776,0.0536939019094976,0.0489975266762565,0.0363249761955214,0.0284986326475733,0.00725273235994977,0.00629268266301016,0.00329985793817358,0.00181301433939299,0.00170370497708184,0.000840710915245705,0.000673985116105264,0.00057306425057334,0.000409451598244214,0.000357264300742227,2
0.93476625255136,0.345943786297045,0.0520021500444163,0.0436913490756116,0.0336337598639608,0.0266433342944676,0.00619747903503692,0.00530105854533772,0.00283537589601496,0.00159300970962982,0.00153928340811504,0.000677785834760936,0.000621093926408489,0.000476935560541583,0.000333833966452117,0.000233866396559282,0.934764586778083,0.345948134494975,0.0520136425199427,0.0436927374626134,0.0336275547173877,0.0266342991701515,0.00618461138261198,0.00528729726145379,0.00283937498484675,0.00158021505786332,0.00155226281779455,0.000663596330888154,0.000600051603077997,0.000476729130216805,0.000339533041403392,0.000257576939755332,2
0.938890724891303,0.335738953650778,0.0504097432323926,0.0394076428518204,0.0313774208803018,0.0249845923259714,0.00539629161271637,0.00453181585387481,0.002478545811352,0.00140971294106716,0.00140899088284797,0.000589884322617112,0.000515942877147917,0.000406922563932642,0.000294865979934074,0.000212240583867862,0.938890103824329,0.335740715078542,0.050411451272597,0.0394074250558742,0.0313758600213588,0.024982988792054,0.00539679347884502,0.00453161198823663,0.00247901313445789,0.00141046561209954,0.0014085477936804,0.000589647058077424,0.000515879926574381,0.000406990680094725,0.00029495965754087,0.000212173515305699,2
0.942449636543385,0.326566296697826,0.0488916330559387,0.035868430837683,0.0294428374785766,0.0234957810958067,0.00478870852020667,0.00393931070509553,0.0022017489903892,0.00128766037041012,0.00126838847141238,0.000534471271591162,0.000429823520998439,0.000354599403261617,0.000264638795555421,0.000193031268655492,0.942449136574211,0.326567755012814,0.0488930135234239,0.035868237596436,0.0294415547250583,0.0234944905678802,0.00478914939602945,0.00393914957522405,0.00220209313840889,0.00128827248021009,0.00126803965216995,0.000534260493807383,0.00042979366432583,0.000354652085113744,0.000264713452208273,0.000192978851975137,2
0.945575266445362,0.318210980705353,0.047451117140612,0.0328593434826474,0.0277476525049279,0.0221482437001158,0.00427863241122173,0.00345532449921042,0.00196406436862174,0.00117989964732744,0.00114716729834568,0.000488333661214783,0.000360217657085309,0.000311893579706601,0.000239219460523596,0.000175946483118547,0.945574863628682,0.318212186536094,0.0474522331510929,0.0328591752370076,0.0277466030250879,0.0221472054131126,0.00427901133344598,0.00345519426122005,0.00196431900869673,0.00118039496016975,0.00114689458472968,0.000488162366206153,0.000360196625510695,0.00031193413622318,0.000239279009759695,0.00017590550428356,2
0.948355075631732,0.310526545592545,0.0460823851768225,0.0302664191065668,0.0262423092041638,0.02092131146327,0.00384516554022752,0.00305462633159333,0.00175880690069273,0.00108408988049246,0.0010416380052661,0.000448115332962901,0.000304302526459952,0.000276361094337838,0.000217435981749758,0.000160709205573965,0.948354750786281,0.310527541930288,0.046083287781196,0.0302662745347468,0.0262414531653579,0.020920476191489,0.00384548631026675,0.00305451925808625,0.00175899610249813,0.00108448928539591,0.0010414258782661,0.000447978719774452,0.000304285559375387,0.000276392220804007,0.000217483598615545,0.000160677157088985,2
0.950852227741977,0.303405004534836,0.0447800851448764,0.0280071727415356,0.0248915331888746,0.0197986961589036,0.00347297761672461,0.00271903412302952,0.00158062547929973,0.000998439413604872,0.000949047955339962,0.000412520513208842,0.000259022620830877,0.00024636513740525,0.00019852362538712,0.000147081992769414,0.950851965506491,0.30340582751218,0.0447808155850036,0.0280070496715521,0.0248908363283129,0.0197980241055043,0.00347324620896481,0.00271894504135045,0.00158076663589602,0.000998760700697845,0.000948883605191495,0.000412412225605209,0.000259008253759817,0.000246388980025036,0.000198561783311147,0.000147056916470404,2
0.953113911196451,0.296764082245395,0.0435393548756262,0.0260201816574191,0.0236692593340026,0.0187672565866499,0.00315056091553034,0.00243512418432922,0.00142520017144458,0.000921529170895763,0.000867280291350715,0.000380764689908053,0.000222000276112745,0.000220752769419344,0.000181942916613964,0.000134862035392876,0.953113699272038,0.296764762010463,0.0435399464192497,0.0260200776062547,0.0236686927779338,0.0187667156673288,0.00315078400866162,0.00243504949054596,0.00142530591659222,0.000921787185127651,0.00086715336297792,0.000380679056019404,0.000221987881220307,0.000220771010487276,0.000181973545385715,0.000134842402637711,2
0.955176338791488,0.290539482134532,0.0423557953142148,0.0242586245859406,0.0225556435332082,0.0178161951229893,0.00286911078178371,0.00219279024622248,0.00128901689232749,0.000852207383467118,0.000794669727846805,0.000352277625941733,0.000198680305636142,0.000191449813303981,0.000167293632562652,0.000123875967630367,0.955176167330651,0.29054004371671,0.0423562747677915,0.0242585370612144,0.0225551832697286,0.0178157595296511,0.00286929496137105,0.00219272731704749,0.00128909643599156,0.000852414348184834,0.000794571961962252,0.000352209961147356,0.000198694250852983,0.000191439038881483,0.000167318249818366,0.000123860585761457,2
0.957067921742484,0.284679908801251,0.0412254280601863,0.0226860992580312,0.0215352016192707,0.0169365072129604,0.00262177682582821,0.00198429620528332,0.00116919652010293,0.000789522122080715,0.00072988228557408,0.000326611833493798,0.000179511728891011,0.000166027012439897,0.000154268358223531,0.000113975221035665,0.957067782857511,0.28468037291048,0.0412258170111901,0.022686025916758,0.0215348278548029,0.016936156218149,0.00262192817987843,0.00198424304981911,0.0011692565991406,0.000789688012274507,0.000729807154960468,0.000326558369188879,0.000179522385393339,0.000166017617242807,0.000154288165575791,0.000113963159925236,2
0.958811403514128,0.27914360904465,0.0401446551488837,0.021273819137834,0.0205955847233984,0.0161205837408904,0.00240314598227631,0.00180363171348284,0.00106336461530162,0.000732675076253728,0.000671833642568753,0.000303402946048198,0.000162756001424979,0.000144709683125962,0.000142624800762479,0.000105032095825737,0.958811290883159,0.279143992778473,0.0401449709790493,0.0212737578604193,0.0205952812389588,0.0161203007135527,0.00240326992495384,0.00180358676488212,0.00106341017520721,0.000732807981876278,0.000671776023509129,0.00030336068508883,0.000162764142977684,0.000144701478972811,0.000142640754017445,0.00010502263021411,2
0.960425275097404,0.273896110560302,0.0391102140892341,0.0199986822911668,0.0197267733768912,0.0153619292634069,0.00220888369491798,0.00164606752697724,0.000969550364784996,0.000680989567888233,0.000619631039043106,0.000282348006871203,0.000148026624417881,0.000132168200455601,0.000126711397922265,0.0000969,0.96042518364907,0.273896428014965,0.0391104707968007,0.0199986312068143,0.019726526936696,0.015361700865358,0.00220898492037314,0.00164602951578651,0.000969585049835073,0.000681096021583408,0.000619586930335076,0.000282314579074945,0.000148032843956513,0.00013218106216131,0.000126704227631109,0.0000969,2
0.961924786616629,0.268908554692116,0.03811914015176,0.0189205113615878,0.0188419073748597,0.0146549478398865,0.00203547623175587,0.00150783916607496,0.000886108277766593,0.000633886812977164,0.00057253142911902,0.000263191688370745,0.000135014446283733,0.000122739498073509,0.000111420193883613,0.0000896,0.961924712279845,0.268908817475994,0.0381193490126167,0.0189203111959046,0.0188418648602389,0.0146547633759801,0.00203555873847594,0.0015078070414255,0.000886134784033191,0.000633972073373792,0.000572497719154331,0.000263165224885469,0.000135019197403427,0.000122749877726441,0.000111413921971278,0.0000896,2
0.963322670527809,0.264156496169075,0.0371687323158421,0.0181699049438448,0.017788049925742,0.0139947805943777,0.00188004392614543,0.00138591895863049,0.000811656807219783,0.000590868095321018,0.000529910474194882,0.000245716688139066,0.000123468812836191,0.000114207084367571,0.0000984,0.0000829,0.963322610030027,0.264156713841069,0.037168902420236,0.0181697423054511,0.0177880145886047,0.0139946314866267,0.00188011107702147,0.00138589183736778,0.000811677137477664,0.000590936386116734,0.000529884751426853,0.000245695717506661,0.000123472442181189,0.000114215469750435,0.0000983,0.0000829,2
0.964629672342672,0.259619012605785,0.0362565234365533,0.0174691315102802,0.0168242794740293,0.0133771797236014,0.00174020343896633,0.0012778489508316,0.000745029920277226,0.00055150101182265,0.00049123917749097,0.000229736644963825,0.000113184136379247,0.00010646086229456,0.0000871,0.0000768,0.964629623050634,0.259619193035055,0.0362566621173457,0.0174689993041299,0.0168242501308259,0.0133770590899267,0.00174025803561139,0.00127782608358878,0.000745045568417095,0.000551555719997107,0.000491219578370767,0.000229720009319821,0.000113186908696,0.000106467644120063,0.0000871,0.0000768,2
0.965854947454486,0.255278031781605,0.0353802542352362,0.016813223422037,0.0159398394257779,0.0127984092440234,0.00161396468000649,0.00118161666646865,0.000685238626337587,0.00051540865143361,0.000456065997523544,0.000215090718616846,0.000103990102750626,0.0000994,0.0000774,0.0000713,0.965854907246865,0.255278181446998,0.0353803674125129,0.0168131158978593,0.0159398150768938,0.0127983115601729,0.00161400903977217,0.00118159741382298,0.00068525071125444,0.000515452489920795,0.000456051085575584,0.000215077506898795,0.000103992220179546,0.0000994,0.0000774,0.0000713,2
0.967006609355168,0.251117176310791,0.0345382738667361,0.016197535344609,0.01511914712903,0.0122569654770438,0.00149624859917267,0.00109275699452259,0.000629311769557085,0.00048425425847636,0.000419633646085394,0.000202001748711144,0.0000977,0.000094,0.0000665,0.0000615,0.967006576483406,0.251117300674305,0.0345383665245688,0.0161974478041567,0.0151191271381727,0.0122568861081885,0.00149628291728316,0.0010927401390913,0.000629321577291905,0.000484289663949005,0.000419622400071433,0.000201991320343681,0.0000977,0.000094,0.0000665,0.0000615,2
0.96809091019355,0.247124074947227,0.0337277728239903,0.0156192073605605,0.0143686579020542,0.0117461468649035,0.00139316958900001,0.00101608283277051,0.000581232022584661,0.000453584228237026,0.000390844401934366,0.000189582403029662,0.0000914,0.0000868,0.0000618,0.0000571,0.968090883323806,0.24712417824207,0.0337278485805763,0.0156191361065483,0.0143686413399447,0.011746082534239,0.0013931972794884,0.00101606869830146,0.000581239660975373,0.000453612576166878,0.000390835865910146,0.000189574123777719,0.0000914,0.0000868,0.0000618,0.0000571,2
0.969114118039462,0.243285698715551,0.0329474763764834,0.0150744889864538,0.0136737711251888,0.0112653175025505,0.00129923516551875,0.000946927599639669,0.000537714074156,0.000425328847459455,0.00036447255602589,0.000178134940543953,0.0000857,0.0000803,0.0000575,0.000053,0.969114096052044,0.243285784575029,0.0329475383769897,0.0150744309503359,0.0136737574061292,0.0112652653135566,0.00129925750375775,0.00094691576365099,0.000537720038742362,0.000425351554776685,0.000364466082325845,0.00017812835995874,0.0000857,0.0000803,0.0000575,0.000053,2
0.970081436051562,0.239591226506872,0.0321957565188054,0.0145605391869899,0.0130288176905072,0.0108121301869597,0.00121343806961726,0.000884347050021891,0.000498241958690581,0.000399259957121123,0.000340274111171458,0.000167564758171284,0.0000804,0.0000744,0.0000536,0.0000493,0.970081418040264,0.239591297927032,0.0321958073114367,0.0145604918843839,0.01302880632727,0.0108120878099853,0.00121345608856387,0.000884337151848148,0.000498246628040931,0.000399278154774165,0.000340269205519841,0.000167559521738467,0.0000804,0.0000744,0.0000536,0.0000493,2
0.970997454581078,0.236030991125301,0.0314711056034737,0.0140748450254196,0.012428872291109,0.010384474774442,0.00113490555603484,0.000827539705128219,0.000462367349980594,0.000375174778507045,0.000318034433703463,0.000157788453045444,0.0000755,0.000069,0.00005,0.0000459,0.970997439811579,0.236031050578379,0.0314711472549504,0.0140748064441759,0.0124288628790298,0.0103844403341031,0.00113492009103149,0.000827531437627138,0.000462371014216368,0.000375189369318192,0.000318030719289258,0.000157784281460437,0.0000755,0.000069,0.00005,0.0000459,2
0.971866243916521,0.232596313728052,0.0307721247449086,0.0136151726695459,0.0118696343585052,0.00998044809945201,0.00106287808763047,0.000775821866919039,0.000429699496493106,0.000352892626631325,0.000297564071459604,0.000148732243908483,0.0000711,0.0000641,0.0000467,0.0000428,0.971866231793077,0.232596363255441,0.0307721589331884,0.0136151411792683,0.0118696265619109,0.00998042008469437,0.00106288981340888,0.000775814969183482,0.000429702378636236,0.000352904331475884,0.000297561261303974,0.000148728916879353,0.0000711,0.0000641,0.0000467,0.0000428,2
0.972691429996081,0.229279367649464,0.0300975136003756,0.0131795273742711,0.0113473313458618,0.00959832855870788,0.000996691941160069,0.000728607568759849,0.000399896827903268,0.000332252114875711,0.000278695266947118,0.000140330652697322,0.0000669,0.0000597,0.0000437,0.0000399,0.972691420034785,0.229279408938097,0.0300975416892276,0.0131795016532123,0.0113473248865807,0.00959830575090693,0.00099670140222508,0.000728601819705573,0.000399899099904355,0.000332261509516911,0.000278693142684776,0.000140327996279972,0.0000669,0.0000597,0.0000437,0.0000399,2
0.973476256728634,0.226073065487106,0.0294460613371651,0.0127661205095325,0.0108586395782115,0.00923655450103675,0.000935764910443254,0.000685392379803977,0.000372659926478318,0.00031310876692458,0.000261279033465377,0.000132525396799677,0.0000631,0.0000556,0.0000408,0.0000373,0.973476248535986,0.226073099931962,0.0294460844361509,0.0127660994855425,0.0108586342258423,0.00923653591650924,0.00093577254591645,0.00068538759253916,0.000372661721295157,0.000313116311382593,0.000261277429081801,0.000132523273488642,0.0000631,0.0000556,0.0000408,0.0000373,2
0.974223637683872,0.222970964779095,0.0288166386246519,0.0123733421756979,0.0104006190368638,0.00889370574706502,0.000879584482613452,0.000645740241355447,0.000347725620895145,0.000295332968303835,0.000245182690762855,0.000125264453266061,0.0000595,0.0000519,0.0000382,0.0000348,0.974223630939507,0.222970993534658,0.0288166576374604,0.0123733249785455,0.0104006146006611,0.00889369059103,0.000879590646458753,0.000645736258250125,0.000347727041620684,0.000295339030265513,0.000245181480142612,0.000125262754234942,0.0000595,0.0000519,0.0000382,0.0000348,2
0.974936199268908,0.219967188664914,0.0282081905141841,0.0119997382901786,0.00997065927682487,0.00856848770104578,0.000827698001154873,0.000609272704847153,0.000324862004147713,0.000278808202431313,0.000230287777173412,0.000118501264359797,0.0000563,0.0000485,0.0000358,0.0000326,0.974936193711702,0.219967212687406,0.0282082061775878,0.0119997242131201,0.00997065559903422,0.00856847533075953,0.000827702978583324,0.000609269393232333,0.000324863130926787,0.000278813075904815,0.000230286864576031,0.000118499903379817,0.0000563,0.0000485,0.0000358,0.0000326,2
0.975616314947667,0.217056368031412,0.0276197298995133,0.0116439921372924,0.00956643463291689,0.00825971799141595,0.000779704537263222,0.000575660179724818,0.000303864196369953,0.000263429543592927,0.000216488268158098,0.00011219405932424,0.0000532,0.0000454,0.0000336,0.0000305,0.97561631036455,0.217056388113435,0.0276197428148201,0.0116439806059244,0.00956643158299726,0.00825970788660737,0.000779708558058365,0.000575657428161686,0.000303865091671411,0.000263433463779668,0.0002164875809563,0.000112192967992278,0.0000532,0.0000454,0.0000336,0.0000305,2
0.976266144363512,0.214233546822872,0.0270503326155186,0.0113049045526493,0.00918586506180843,0.00796631307213417,0.000735247561548129,0.000544614238384539,0.000284550847869161,0.000249102264357783,0.000203689075293771,0.000106305277006532,0.0000504,0.0000425,0.0000315,0.0000286,0.976266140580453,0.214233563621845,0.0270503432739587,0.0113048950998212,0.00918586253176672,0.00796630481129591,0.000735250810819291,0.000544611953432798,0.000284551560504202,0.000249105419502807,0.000203688558431373,0.000106304400997608,0.0000504,0.0000425,0.0000315,0.0000286,2
0.976887646714831,0.211494189665903,0.0264991311698952,0.0109813851992156,0.00882708618176076,0.00768728009523773,0.000694009719462365,0.000515882133444731,0.000266760959608183,0.000235740793931682,0.000191804711307451,0.000100801062507047,0.0000477,0.0000399,0.0000296,0.0000268,0.976887643589502,0.211494203727681,0.0264991399731935,0.0109813774447444,0.00882708408230841,0.00768727333655322,0.000694012346326296,0.000515880236887541,0.000266761527803609,0.000235743334773082,0.000191804323071116,0.000100800358627422,0.0000477,0.0000399,0.0000296,0.0000268,2
0.977482611686808,0.208834101701433,0.0259653109687393,0.0106724370721393,0.00848842089902015,0.00742170630475781,0.00065570744424837,0.000489241336003646,0.000250351363059691,0.000223267641611736,0.000180758186865249,0.0000957,0.0000452,0.0000375,0.0000279,0.0000251,0.977482609102722,0.208834113479429,0.0259653182457285,0.0106724307063771,0.00848841915625392,0.00742170077080315,0.000655709568848923,0.000489239762464957,0.000250351816824928,0.000223269688915771,0.000180757895675341,0.0000957,0.0000452,0.0000375,0.0000279,0.0000251,2
0.978052674709946,0.206249410048447,0.0254481058427504,0.010377147794445,0.00816835699912721,0.00716875174879081,0.000620086908355529,0.000464495466806184,0.000235194447347395,0.000211612550958231,0.000170480031759646,0.0000908,0.0000429,0.0000352,0.0000262,0.0000236,0.978052672571645,0.206249419919676,0.0254481118628657,0.0103771425650306,0.00816835555193623,0.00716874721419713,0.000620088627500101,0.000464494161716484,0.000235194810288752,0.000211614201528871,0.000170479813720359,0.0000908,0.0000429,0.0000352,0.0000262,0.0000236,2
0.978599344132704,0.203736482019054,0.0249467952233084,0.0100946764127547,0.00786552561740651,0.00692764043917453,0.000586919947462973,0.00044147029783196,0.000221176328587641,0.000200711653267347,0.000160907446243926,0.0000863,0.0000408,0.0000332,0.0000247,0.0000222,0.978599342361892,0.203736490297213,0.0249468002075251,0.0100946721138562,0.00786552441521966,0.00692763672070339,0.000586921339175705,0.000441469215695022,0.000221176619314843,0.000200712984741938,0.000160907283288198,0.0000863,0.0000408,0.0000332,0.0000247,0.0000222,2
0.979123990945493,0.20129201413927,0.0244606986892368,0.00982425557836058,0.00757868855410494,0.00669765835380915,0.000556001999001696,0.000420011734638153,0.000208194982080424,0.000190506969365839,0.000151983573369708,0.0000821,0.0000388,0.0000312,0.0000232,0.0000209,0.979123989477892,0.201292021085549,0.0244607028189526,0.00982425204197734,0.00757868755507294,0.00669765530235011,0.000556003126184936,0.000420010837567163,0.000208195215292959,0.000190508044044649,0.000151983451844796,0.0000821,0.0000388,0.0000312,0.0000232,0.0000209,2
0.979627889514648,0.19891287443792,0.0239891752996425,0.00956517338061635,0.00730671882510736,0.00647814310398732,0.000527148211975412,0.000399982118114135,0.000196159052237366,0.000180945608680342,0.000143656845835563,0.0000781,0.0000369,0.0000295,0.0000219,0.0000196,0.979627888297432,0.198912880269962,0.0239891787239046,0.0095651704695212,0.00730671799457941,0.00647814059809939,0.000527149125356504,0.00039998137458632,0.000196159239568871,0.000180946476583253,0.000143656755433826,0.0000781,0.0000369,0.0000295,0.0000219,0.0000196,2
0.980112212620013,0.196596156319017,0.0235316194694903,0.00931677382096729,0.00704859076095477,0.00626848175859786,0.000500191803624232,0.000381258694300044,0.000184986474926321,0.000171979357939797,0.000135880426878268,0.0000743,0.0000351,0.0000278,0.0000207,0.0000185,0.98011221160973,0.196596161218305,0.0235316223108732,0.00931677142299436,0.00704859007024755,0.00626847969929218,0.000500192544124872,0.000381258078110661,0.000184986625600203,0.000171980059249266,0.000135880359822819,0.0000743,0.0000351,0.0000278,0.0000207,0.0000185,2
0.98057804461637,0.194339142951885,0.0230874587433788,0.00907845014357052,0.00680336842388653,0.00606810586885146,0.000474981888813496,0.000363731611994605,0.000174603430093746,0.000163564188852087,0.000128611713837358,0.0000708,0.0000334,0.0000263,0.0000195,0.0000174,0.980578043777247,0.19433914706986,0.0230874611027775,0.00907844816696716,0.00680336784923863,0.00606810417537455,0.000474982489458613,0.00036373110137578,0.000174603551435771,0.000163564755865882,0.000128611664266281,0.0000708,0.0000334,0.0000263,0.0000195,0.0000174,2
0.981026389959553,0.192139290248798,0.0226561513075984,0.00884964036275571,0.00657019608252854,0.0058764876939397,0.000451381676672387,0.000347302369267419,0.000164943390470531,0.000155659803208492,0.00012181190394136,0.0000675,0.0000319,0.0000248,0.0000184,0.0000164,0.98102638913236,0.192139294356132,0.0226561536313597,0.00884963843186475,0.00657019551594825,0.00587648604374424,0.000451382252457643,0.000347301869500819,0.000164943505966274,0.000155660344362991,0.00012181186094709,0.0000675,0.0000319,0.0000248,0.0000184,0.0000164,2
0.981458180464109,0.189994213088744,0.0222371844870105,0.00862982266545164,0.00634828972029281,0.00569313627329737,0.000429267090258679,0.000331882317510806,0.000155946345054112,0.000148229404512033,0.000115445600304442,0.0000644,0.0000304,0.0000235,0.0000174,0.0000155,0.981458179667752,0.18999421708905,0.0222371867224564,0.00862982082285771,0.00634828917476099,0.00569313470242963,0.000429267629630481,0.000331881839761418,0.000155946452558364,0.000148229909346531,0.000115445564050812,0.0000643,0.0000304,0.0000235,0.0000174,0.0000155,2
0.981874282193793,0.187901670766211,0.0218300720700951,0.0084185123910839,0.00613692985776183,0.00551759481872477,0.000408525229672305,0.000317391639117623,0.00014755802868927,0.000141239197676045,0.000109480481471822,0.0000614,0.000029,0.0000223,0.0000165,0.0000146,0.981874281395181,0.187901674823991,0.0218300743099545,0.00841851055998981,0.00613692931088077,0.00551759326155692,0.00040852575549335,0.000317391164067368,0.000147558132873501,0.00014123968769209,0.0001094804498894,0.0000614,0.000029,0.0000223,0.0000165,0.0000146,2
0.982275502449245,0.185859549297622,0.0214343531056724,0.00821525789717709,0.00593545474937928,0.00534943734717248,0.000389053269799507,0.000303758187211385,0.000139729334829083,0.000134658199057756,0.000103886986852769,0.0000586,0.0000277,0.0000211,0.0000156,0.0000138,0.982275501673379,0.18585955328463,0.0214343552802545,0.00821525613373297,0.0059354542182446,0.00534943585121672,0.000389053766819368,0.000303757729417828,0.000139729432792519,0.000134658660368026,0.000103886960369334,0.0000586,0.0000277,0.0000211,0.0000156,0.0000138,2
0.982662589982515,0.183865877243555,0.0210495896298298,0.00801963989492701,0.00574325576333162,0.0051882671498507,0.000370757527122598,0.00029091682204807,0.000132415714529717,0.000128457943832621,0.0000986,0.000056,0.0000265,0.00002,0.0000148,0.0000131,0.982662589225534,0.183865881177183,0.0210495917501055,0.00801963818932993,0.00574325524539958,0.00518826570652459,0.000370757998908245,0.000290916379207411,0.000132415807081541,0.000128458379979435,0.0000986,0.000056,0.0000265,0.00002,0.0000148,0.0000131,2
0.98303624739082,0.181918775799647,0.0206753658956855,0.00783126567994971,0.00555977079133089,0.00503371312908306,0.000353552318059218,0.000278808359371039,0.000125576749068893,0.000122612244721146,0.0000937,0.0000535,0.0000253,0.000019,0.000014,0.0000124,0.983036246649151,0.181918779696447,0.0206753679718008,0.00783126402327053,0.00555977028424288,0.00503371173060654,0.000353552767775525,0.000278807929367746,0.000125576836918055,0.000122612658831005,0.0000937,0.0000535,0.0000253,0.000019,0.000014,0.0000124,2
0.983397131253756,0.180016471145113,0.0203112866505398,0.00764976843828049,0.00538448058290605,0.00488542840602342,0.000337359280730143,0.000267379043667773,0.000119175692263912,0.000117096997332246,0.0000891,0.0000511,0.0000242,0.0000181,0.0000132,0.0000117,0.983397130524051,0.180016475021062,0.020311288691982,0.00764976682231203,0.00538448008445229,0.00488542704528413,0.000337359711200654,0.000267378624545366,0.000119175776035337,0.000117097392179041,0.0000891,0.0000511,0.0000242,0.0000181,0.0000132,0.0000117,2
0.983745852604477,0.178157304876384,0.0199569756427128,0.00747480641878399,0.00521690546109887,0.00474308894455978,0.000322106754433995,0.000256580054536453,0.000113179075284405,0.000111890008157386,0.0000847,0.0000489,0.0000232,0.0000172,0.0000126,0.0000111,0.98374585188357,0.178157308747067,0.0199569776584379,0.00747480483591743,0.00521690496918948,0.00474308761500041,0.000322107168192693,0.000256579644472426,0.000113179155532554,0.000111890386215875,0.0000847,0.0000489,0.0000232,0.0000172,0.0000126,0.0000111,2
0.984082987311714,0.176339689123397,0.0196120749279101,0.00730605833237585,0.00505660037364503,0.00460639073724946,0.000307728921819973,0.000246366787278552,0.000107556409876887,0.000106970790391234,0.0000806,0.0000468,0.0000222,0.0000164,0.0000119,0.0000105,0.984082986596578,0.176339693004189,0.0196120769264712,0.00730605677548635,0.00505659988628453,0.00460638943276842,0.00030772932115538,0.00024636638456062,0.000107556487097065,0.000106971153882512,0.0000806,0.0000468,0.0000222,0.0000164,0.0000119,0.0000105,2
0.984409075477375,0.174562119710696,0.0192762435229524,0.0071432230668632,0.00490315247148582,0.0044750488269888,0.000294165359191117,0.00023669851368533,0.000102320431255754,0.000102279870178453,0.0000768,0.0000448,0.0000213,0.0000156,0.0000113,0.00000995,0.984409074765079,0.17456212361698,0.0192762455126188,0.0071432215292042,0.00490315198674358,0.00447504754184824,0.000294165746184964,0.000236698116690157,0.000102320782186492,0.000102279944816565,0.0000768,0.0000448,0.0000213,0.0000156,0.0000113,0.00000995,2
0.984724621206881,0.172823187407264,0.0189491562470394,0.00698601924412697,0.00475617890806093,0.00434879631379265,0.000281360619573653,0.000227538054455183,0.0000979,0.0000973,0.0000731,0.0000429,0.0000204,0.0000148,0.0000107,0.00000944,0.984724620522559,0.172823191199401,0.0189491581579438,0.0069860177787641,0.00475617844295673,0.00434879509207911,0.000281360981665879,0.000227537676723203,0.0000979,0.0000973,0.0000731,0.0000429,0.0000204,0.0000148,0.0000107,0.00000944,2
0.985030101478574,0.171121537044541,0.0186305030460216,0.00683418151436977,0.00461532303306143,0.00422738218730517,0.000269263567808772,0.000218851288098196,0.0000938,0.0000927,0.0000697,0.0000411,0.0000196,0.0000142,0.0000102,0.00000895,0.985030100791791,0.171121540889684,0.018630504962992,0.00683418005592682,0.00461532256707523,0.00422738097443968,0.000269263921409261,0.000218850913095505,0.0000938,0.0000927,0.0000697,0.0000411,0.0000196,0.0000142,0.0000102,0.00000895,2
0.985325965019443,0.169455881421323,0.0183199881726478,0.00668746033979186,0.00448025273063679,0.00411057048061567,0.000257827125099578,0.000210606881014192,0.0000898,0.0000883,0.0000665,0.0000394,0.0000188,0.0000135,0.0000097,0.0000085,0.985325964355248,0.169455885178044,0.018319990026068,0.00668745894051011,0.00448025228068181,0.00411056931983093,0.000257827458182896,0.000210606522002157,0.0000898,0.0000883,0.0000665,0.0000394,0.0000188,0.0000135,0.0000097,0.0000085,2
0.985612631764532,0.167825012217136,0.0180173289469241,0.00654562205959954,0.00435065902672923,0.00399813976142061,0.000247007925348998,0.000202776130332995,0.0000861,0.0000842,0.0000634,0.0000378,0.000018,0.0000129,0.00000923,0.00000807,0.985612631120222,0.167825015898263,0.018017330744417,0.00654562071289123,0.00435065859098089,0.00399813864702935,0.000247008240085184,0.000202775785649094,0.0000861,0.0000842,0.0000634,0.0000378,0.000018,0.0000129,0.00000923,0.00000807,2
0.985890501285827,0.166227758034551,0.0177222555305731,0.00640844523735983,0.00422625280366914,0.00388988107312198,0.000236765835648516,0.000195332533556815,0.0000825,0.0000803,0.0000605,0.0000363,0.0000173,0.0000123,0.00000878,0.00000767,0.985890500632103,0.166227761806841,0.0177222573537138,0.00640844388202762,0.00422625236247031,0.00388987995448695,0.000236766146435725,0.000195332187818455,0.0000825,0.0000803,0.0000605,0.0000363,0.0000173,0.0000123,0.00000878,0.00000767,2
0.986159947098054,0.164663023839734,0.0174345098838303,0.00627572239893228,0.00410676468830378,0.00378559805879008,0.000227063875053076,0.000188251731545293,0.0000792,0.0000766,0.0000578,0.0000348,0.0000166,0.0000118,0.00000836,0.00000729,0.986159946459608,0.164663027560345,0.0174345116639023,0.00627572108573979,0.0041067642583074,0.00378559697769198,0.000227064170678824,0.000188251397555829,0.0000792,0.0000766,0.0000578,0.0000348,0.0000166,0.0000118,0.00000836,0.00000729,2
0.986421325448556,0.163129745076502,0.0171538453221471,0.0061472566194095,0.0039919420560429,0.00368510520363352,0.000217867729334415,0.000181511187902906,0.000076,0.0000731,0.0000552,0.0000334,0.000016,0.0000113,0.00000796,0.00000693,0.986421324823372,0.163129748755522,0.0171538470649591,0.00614725534332139,0.00399194163582317,0.00368510415574025,0.000217868011391082,0.000181510864364057,0.000076,0.0000731,0.0000552,0.0000334,0.000016,0.0000113,0.00000796,0.00000693,2
0.986674970587333,0.161626921014166,0.0168800256888039,0.00602286289722698,0.00388154895278843,0.00358822787520374,0.000209145692946658,0.000175090130969905,0.0000729,0.0000699,0.0000528,0.0000321,0.0000154,0.0000108,0.00000758,0.0000066,0.986674969973324,0.161626924662462,0.0168800274002262,0.00602286165343721,0.00388154854095487,0.00358822685643264,0.000209145962877091,0.000175089816669827,0.0000729,0.0000699,0.0000528,0.0000321,0.0000154,0.0000108,0.00000758,0.0000066,2
0.986921198805756,0.160153595868616,0.016612824913945,0.00590236641268064,0.00377536427700582,0.003494801235631,0.000200868377794328,0.000168969341977246,0.0000701,0.0000668,0.0000505,0.0000308,0.0000148,0.0000103,0.00000722,0.00000628,0.986921198200947,0.160153599496726,0.0166128265995218,0.00590236519671797,0.00377536387223567,0.00349480024220599,0.00020086863690353,0.000168969035792665,0.0000701,0.0000668,0.0000505,0.0000308,0.0000148,0.0000103,0.00000722,0.00000628,2
0.987160311886738,0.158708842176586,0.0163520266050255,0.00578560101097422,0.00367318014843343,0.00340466926930789,0.000193008468914526,0.00016313097101113,0.0000673,0.0000639,0.0000483,0.0000296,0.0000143,0.00000988,0.00000689,0.00000598,0.987160311289254,0.158708845794793,0.0163520282700266,0.00578559981866226,0.00367317974948456,0.00340466829771733,0.000193008718385903,0.000163130671895427,0.0000673,0.0000639,0.0000483,0.0000296,0.0000143,0.00000988,0.00000689,0.00000598,2
0.987392592778101,0.157291791679143,0.0160974232419529,0.00567241059410805,0.00357480208749116,0.00331768496327317,0.000185540674044406,0.000157558528457646,0.0000647,0.0000611,0.0000462,0.0000285,0.0000137,0.00000947,0.00000657,0.0000057,0.987392592186144,0.157291795297584,0.0160974248914276,0.00567240942151155,0.00357480169317384,0.00331768401022984,0.00018554091495655,0.000157558235430426,0.0000647,0.0000611,0.0000462,0.0000285,0.0000137,0.00000947,0.00000657,0.0000057,2
0.987618312713419,0.155901595374896,0.0158488160504301,0.00556264627370221,0.00348004671850721,0.00323370887683654,0.000178441425198971,0.000152236645845024,0.0000622,0.0000585,0.0000443,0.0000274,0.0000132,0.00000908,0.00000627,0.00000543,0.987618312125244,0.155901599003672,0.0158488176892646,0.00556264511708913,0.0034800463276794,0.00323370793924059,0.00017844165853927,0.000152236357982007,0.0000622,0.0000585,0.0000443,0.0000274,0.0000132,0.00000908,0.00000627,0.00000543,2
0.98783772691591,0.154537453920902,0.0156060143112095,0.00545616774565659,0.00338874207215816,0.00315260935222912,0.000171688855763484,0.00014715107663186,0.0000599,0.000056,0.0000424,0.0000264,0.0000127,0.00000871,0.00000598,0.00000518,0.987837726355797,0.154537457408395,0.0156060158719623,0.00545616665186691,0.00338874170082392,0.00315260846780778,0.000171689072603338,0.000147150805364797,0.0000599,0.000056,0.0000424,0.0000264,0.0000127,0.00000871,0.00000598,0.00000518,2
0.988051078496283,0.153198596816038,0.0153688349701794,0.00535284179382357,0.0033007261735026,0.00307426169685124,0.00016526258283189,0.00014228856949489,0.0000576,0.0000537,0.0000406,0.0000254,0.0000123,0.00000836,0.00000571,0.00000494,0.988051077936809,0.15319860033133,0.0153688365291111,0.0053528407090822,0.00330072580356636,0.00307426082206789,0.000165262794011929,0.000142288301641345,0.0000576,0.0000537,0.0000406,0.0000254,0.0000123,0.00000836,0.00000571,0.00000494,2
0.988258597786889,0.151884289855798,0.015137102392009,0.00525254219092138,0.00321584658286883,0.00299854781453319,0.000159143646559652,0.000137636776254985,0.0000555,0.0000515,0.0000389,0.0000244,0.0000118,0.00000802,0.00000546,0.00000471,0.988258597226474,0.151884293408811,0.0151371039535483,0.005252541112031,0.00321584621330905,0.00299854694678767,0.000159143852831772,0.000137636511042004,0.0000555,0.0000515,0.0000389,0.0000244,0.0000118,0.00000802,0.00000546,0.00000471,2
0.988460505722256,0.15059381634417,0.014910648023806,0.00515514840190545,0.00313395917347903,0.00292535550062046,0.000153314333444133,0.000133184149215681,0.0000534,0.0000494,0.0000373,0.0000235,0.0000114,0.00000771,0.00000522,0.0000045,0.988460505184955,0.150593819781127,0.0149106495211142,0.00515514737446511,0.00313395882004496,0.0029253546763868,0.000153314526496798,0.000133183897643432,0.0000534,0.0000494,0.0000373,0.0000235,0.0000114,0.00000771,0.00000522,0.0000045,2
0.988657010640583,0.149326500614915,0.0146893097459621,0.00506054670012203,0.00305492844962579,0.00285457866425928,0.000147758143388555,0.000128919963930306,0.0000515,0.0000474,0.0000358,0.0000227,0.000011,0.00000741,0.00000499,0.00000429,0.988657010099585,0.149326504106181,0.0146893112536024,0.00506054567276906,0.00305492809476801,0.00285457784232093,0.000147758332976302,0.000128919713572794,0.0000515,0.0000474,0.0000358,0.0000227,0.000011,0.00000741,0.00000499,0.00000429,2
0.98884831147248,0.14808169008253,0.0144729319330653,0.00496862866451019,0.00297862632696235,0.00278611647306799,0.000142459676128139,0.000124834168058045,0.0000496,0.0000455,0.0000344,0.0000218,0.0000106,0.00000712,0.00000477,0.0000041,0.98884831095156,0.148081693473739,0.0144729333849584,0.00496862768179068,0.00297862598617042,0.00278611568888952,0.000142459854372095,0.000124833929575905,0.0000496,0.0000455,0.0000344,0.0000218,0.0000106,0.00000712,0.00000477,0.0000041,2
0.989034597769256,0.146858757475198,0.0142613648379648,0.00487929127935281,0.00290493184559686,0.00271987327322955,0.000137404527144449,0.000120917385082486,0.0000479,0.0000436,0.000033,0.000021,0.0000103,0.00000685,0.00000456,0.00000392,0.989034597242062,0.146858760937095,0.0142613663074173,0.00487929029152782,0.00290493150171628,0.00271987248713322,0.000137404703128833,0.000120917146554382,0.0000479,0.0000436,0.000033,0.000021,0.0000103,0.00000685,0.00000456,0.00000392,2
0.989216050155696,0.145657100160653,0.0140544645836342,0.00479243642686404,0.00283373062728577,0.00265575813206574,0.000132579245290219,0.000117160818172527,0.0000462,0.0000419,0.0000317,0.0000203,0.00000993,0.0000066,0.00000437,0.00000375,0.989216049645906,0.145657103537101,0.0140544660048093,0.00479243547779312,0.00283373029566544,0.00265575737880259,0.000132579411489475,0.000117160590007045,0.0000462,0.0000419,0.0000317,0.0000203,0.00000993,0.0000066,0.00000437,0.00000375,2
0.989392840940812,0.144476138275976,0.0138520926182848,0.00470797078499109,0.00276491451326574,0.00259368470530486,0.000127971230604343,0.000113556249475073,0.0000445,0.0000403,0.0000305,0.0000196,0.00000959,0.00000635,0.00000418,0.00000358,0.989392840422264,0.144476141739749,0.013852094063987,0.0047079698260046,0.00276491417697985,0.00259368394628053,0.000127971395569222,0.000113556020121935,0.0000445,0.0000403,0.0000305,0.0000196,0.00000959,0.00000635,0.00000418,0.00000358,2
0.989565134497204,0.143315314221902,0.0136541157368796,0.00462580536585116,0.00269838109213617,0.00253357082375622,0.000123568702343017,0.000110095953773688,0.000043,0.0000387,0.0000293,0.0000189,0.00000927,0.00000611,0.000004,0.00000343,0.989565133993664,0.143315317613872,0.013654117140999,0.00462580444047452,0.00269838076650935,0.00253357009328842,0.000123568858829796,0.000110095733471983,0.000043,0.0000387,0.0000293,0.0000189,0.00000927,0.00000611,0.000004,0.00000343,2
0.989733087791449,0.142174091014368,0.0134604056002083,0.00454585542660157,0.00263403339213624,0.00247533837683323,0.000119360613114043,0.000106772699038241,0.0000415,0.0000372,0.0000282,0.0000182,0.00000896,0.00000589,0.00000383,0.00000328,0.989733087301566,0.142174094342004,0.0134604069665164,0.00454585453191702,0.00263403307625339,0.00247533767248808,0.000119360761855472,0.000106772487037582,0.0000415,0.0000372,0.0000282,0.0000182,0.00000896,0.00000589,0.00000383,0.00000328,2
0.989896850749637,0.141051951597276,0.0132708386466269,0.00446804013818729,0.00257177950284065,0.00241891300836726,0.000115336610836547,0.000103579689353923,0.0000401,0.0000358,0.0000271,0.0000176,0.00000867,0.00000568,0.00000367,0.00000314,0.98989685027215,0.141051954867656,0.0132708399786371,0.00446803927149969,0.00257177919585148,0.00241891232790336,0.000115336752497614,0.000103579484963683,0.0000401,0.0000358,0.0000271,0.0000176,0.00000867,0.00000568,0.00000367,0.00000314,2
0.990056566656832,0.139948397808178,0.0130852958430349,0.00439228238813698,0.0025115322670536,0.00236422392077766,0.000111486985428277,0.000100510538574933,0.0000387,0.0000345,0.0000261,0.000017,0.00000839,0.00000548,0.00000352,0.00000301,0.990056566190563,0.139948401028018,0.0130852971440336,0.00439228154695146,0.00251153196816784,0.00236422326212708,0.000111487120613478,0.000100510341158052,0.0000387,0.0000345,0.0000261,0.000017,0.00000839,0.00000548,0.00000352,0.00000301,2
0.990212372530359,0.138862949401501,0.0129036624493702,0.00431850859576674,0.00245320899524919,0.00231120369133695,0.00010780262016982,0.0000976,0.0000374,0.0000332,0.0000251,0.0000164,0.00000811,0.00000528,0.00000338,0.00000288,0.990212372050438,0.138862952742659,0.0129036637886296,0.00431850773536629,0.00245320868862269,0.00231120301956399,0.000107802756031881,0.0000976,0.0000374,0.0000332,0.0000251,0.0000164,0.00000811,0.00000528,0.00000338,0.00000288,2
0.990364399411146,0.137795143530888,0.0127258279584094,0.00424664843237997,0.00239673115934249,0.00225978801733502,0.000104274963002673,0.0000947,0.0000362,0.000032,0.0000242,0.0000158,0.00000785,0.0000051,0.00000324,0.00000276,0.990364398940576,0.137795146833446,0.0127258292718794,0.00424664759374818,0.00239673085960703,0.0022597873643534,0.000104275093219365,0.0000947,0.0000362,0.000032,0.0000242,0.0000158,0.00000785,0.0000051,0.00000324,0.00000276,2
0.990512772750514,0.136744533467186,0.0125516857159374,0.00417663477169115,0.0023420241900757,0.00220991564229466,0.000100895968226444,0.000092,0.000035,0.0000308,0.0000233,0.0000153,0.0000076,0.00000492,0.00000311,0.00000265,0.990512772288268,0.136744536737343,0.0125516870064807,0.00417663395272415,0.00234202389655225,0.00220991500638142,0.000100896093276516,0.000092,0.000035,0.0000308,0.0000233,0.0000153,0.0000076,0.00000492,0.00000311,0.00000265,2
0.990657612659382,0.135710688176232,0.01238113288108,0.00410840343316998,0.00228901720788608,0.00216152812364468,0.0000977,0.0000894,0.0000338,0.0000297,0.0000224,0.0000148,0.00000736,0.00000475,0.00000298,0.00000254,0.990657612204486,0.135710691419978,0.0123811341514166,0.00410840263189493,0.00228901691993261,0.00216152750319133,0.0000977,0.0000894,0.0000338,0.0000297,0.0000224,0.0000148,0.00000736,0.00000475,0.00000298,0.00000254,2
0.990799034197792,0.134693191531444,0.0122140702297694,0.00404189304582322,0.00223764281256263,0.00211456969603071,0.0000946,0.0000868,0.0000327,0.0000286,0.0000216,0.0000143,0.00000713,0.00000459,0.00000286,0.00000243,0.990799033749316,0.134693194754616,0.0122140714824917,0.00404189226038073,0.00223764252956867,0.00211456908952976,0.0000946,0.0000868,0.0000327,0.0000286,0.0000216,0.0000143,0.00000713,0.00000459,0.00000286,0.00000243,2
0.990937147635358,0.133691641647577,0.0120504019998571,0.00397704489983299,0.00218783687953805,0.0020689871271181,0.0000916,0.0000844,0.0000317,0.0000276,0.0000208,0.0000138,0.00000691,0.00000443,0.00000275,0.00000233,0.990937147192415,0.133691644855874,0.0120504032374523,0.00397704412846781,0.00218783660092603,0.00206898653315288,0.0000916,0.0000844,0.0000317,0.0000276,0.0000208,0.0000138,0.00000691,0.00000443,0.00000275,0.00000233,2
0.991072059097374,0.13270564725687,0.0118900357603147,0.00391380266703346,0.00213953827469111,0.00202472953273942,0.0000887,0.000082,0.0000307,0.0000266,0.0000201,0.0000134,0.0000067,0.00000428,0.00000264,0.00000224,0.991072058659108,0.132705650455898,0.0118900369851613,0.0039138019080798,0.00213953799990801,0.00202472894997311,0.0000887,0.000082,0.0000307,0.0000266,0.0000201,0.0000134,0.0000067,0.00000428,0.00000264,0.00000224,2
0.991203869177464,0.131734839147751,0.0117328822062696,0.0038521128356494,0.00209268906132977,0.00198174844998783,0.000086,0.0000798,0.0000297,0.0000257,0.0000194,0.0000129,0.00000649,0.00000414,0.00000254,0.00000215,0.991203868743049,0.13173484234305,0.0117328834206781,0.00385211208752,0.00209268878984549,0.00198174787715431,0.000086,0.0000798,0.0000297,0.0000257,0.0000194,0.0000129,0.00000649,0.00000414,0.00000254,0.00000215,2
0.991332675594707,0.130778851467374,0.0115788551254332,0.00379192373348713,0.00204723375556119,0.00193999741556011,0.0000834,0.0000776,0.0000288,0.0000248,0.0000187,0.0000125,0.00000629,0.000004,0.00000244,0.00000207,0.991332675163341,0.130778854664434,0.0115788563316491,0.00379192299466337,0.00204723348686625,0.00193999685145569,0.0000834,0.0000776,0.0000288,0.0000248,0.0000187,0.0000125,0.00000629,0.000004,0.00000244,0.00000207,2
0.991458571747066,0.12983733341938,0.0114278712368858,0.00373318596646443,0.00200311955310933,0.00189943204219495,0.0000808,0.0000755,0.0000279,0.0000239,0.000018,0.0000121,0.0000061,0.00000387,0.00000234,0.00000198,0.991458571340716,0.129837336453812,0.0114278723735744,0.00373318527407602,0.00200311930076174,0.00189943151497281,0.0000808,0.0000755,0.0000279,0.0000239,0.000018,0.0000121,0.0000061,0.00000387,0.00000234,0.00000198,2
0.991581647721588,0.128909942593866,0.0112798499760825,0.00367585211910374,0.00196029603214091,0.00186000987807455,0.0000784,0.0000734,0.000027,0.0000231,0.0000174,0.0000117,0.00000592,0.00000375,0.00000225,0.00000191,0.991581647316821,0.128909945639152,0.0112798511086591,0.00367585143308855,0.00196029578161249,0.00186000935719881,0.0000784,0.0000734,0.000027,0.0000231,0.0000174,0.0000117,0.00000592,0.00000375,0.00000225,0.00000191,2
0.991701988949648,0.127996356163041,0.0111347135135731,0.00361987703922521,0.00191871531940583,0.00182169039423882,0.0000761,0.0000715,0.0000262,0.0000223,0.0000168,0.0000114,0.00000574,0.00000363,0.00000217,0.00000183,0.991701988545748,0.127996359224418,0.011134714644047,0.00361987635828186,0.00191871507025082,0.00182168987869858,0.0000761,0.0000715,0.0000262,0.0000223,0.0000168,0.0000114,0.00000574,0.00000363,0.00000217,0.00000183,2
0.991819678621605,0.127096253256473,0.0109923866054765,0.00356521705801772,0.001878331470735,0.00178443468516275,0.0000738,0.0000696,0.0000254,0.0000216,0.0000162,0.000011,0.00000557,0.00000351,0.00000209,0.00000176,0.99181967821786,0.127096256339261,0.0109923877358418,0.00356521638087656,0.0018783312225158,0.00178443417397967,0.0000738,0.0000696,0.0000254,0.0000216,0.0000162,0.000011,0.00000557,0.00000351,0.00000209,0.00000176,2
0.991934796694677,0.126209323257543,0.0108527964769586,0.00351183027638695,0.00183910061682719,0.00174820550505339,0.0000717,0.0000677,0.0000246,0.0000209,0.0000157,0.0000107,0.00000541,0.0000034,0.00000201,0.00000169,0.991934796290381,0.126209326367153,0.0108527976091957,0.00351182960180475,0.00183910036911288,0.00174820499727666,0.0000717,0.0000677,0.0000246,0.0000209,0.0000157,0.0000107,0.00000541,0.0000034,0.00000201,0.00000169,2
0.992047419053319,0.125335273231652,0.0107158727192679,0.00345967679683173,0.00180098107937055,0.00171296728626265,0.0000696,0.000066,0.0000239,0.0000202,0.0000152,0.0000103,0.00000525,0.0000033,0.00000193,0.00000163,0.99204741867004,0.125335276201028,0.0107158737930607,0.00345967616042038,0.00180098084526991,0.00171296680853656,0.0000696,0.000066,0.0000239,0.0000202,0.0000152,0.0000103,0.00000525,0.0000033,0.00000193,0.00000163,2
0.992157620053868,0.124473808710348,0.010581547159745,0.00340871790649225,0.00176393273362684,0.0016786858379084,0.0000676,0.0000643,0.0000232,0.0000195,0.0000147,0.00001,0.0000051,0.00000319,0.00000186,0.00000157,0.992157619668881,0.124473811714461,0.0105815482386457,0.00340871727045094,0.00176393249929085,0.00167868536185293,0.0000676,0.0000643,0.0000232,0.0000195,0.0000147,0.00001,0.0000051,0.00000319,0.00000186,0.00000157,2
